City_ID,City,Country,Date,Lat,Lng,Max Temp,Humidity,Cloudiness,Wind Speed
0,Mataura,NZ,2021-04-01 14:17:18,-46.1927,168.8643,60.04,54,100,7.52
1,New Norfolk,AU,2021-04-01 14:17:19,-42.7826,147.0587,59.0,73,100,3.42
2,Rikitea,PF,2021-04-01 14:17:19,-23.1203,-134.9692,74.97,80,100,7.25
3,Bilibino,RU,2021-04-01 14:17:19,68.0546,166.4372,-5.3,94,92,6.69
4,Ushuaia,AR,2021-04-01 14:13:16,-54.8,-68.3,46.4,76,0,4.61
5,Sola,VU,2021-04-01 14:17:20,-13.8833,167.55,81.54,78,100,6.8
6,Hasaki,JP,2021-04-01 14:17:20,35.7333,140.8333,55.4,82,75,8.05
7,Molo,KE,2021-04-01 14:17:20,-0.2479,35.7374,68.0,37,70,12.24
8,Sao Filipe,CV,2021-04-01 14:17:21,14.8961,-24.4956,74.17,68,2,5.84
9,Hithadhoo,MV,2021-04-01 14:17:22,-0.6,73.0833,84.11,76,100,16.49
10,Bowen,AU,2021-04-01 14:17:22,-20.0167,148.2333,71.6,78,3,10.36
11,Sosnovo-Ozerskoye,RU,2021-04-01 14:17:23,52.5249,111.5418,16.07,82,3,9.06
12,Busselton,AU,2021-04-01 14:12:30,-33.65,115.3333,68.0,89,91,1.01
13,Ribeira Grande,PT,2021-04-01 14:17:23,38.5167,-28.7,62.6,82,40,17.27
14,Pacific Grove,US,2021-04-01 14:17:23,36.6177,-121.9166,60.8,33,1,10.36
15,Rincon,US,2021-04-01 14:17:24,32.296,-81.2354,55.0,62,75,16.11
16,Weligama,LK,2021-04-01 14:17:24,5.9667,80.4167,80.94,82,40,8.99
17,Punta Arenas,CL,2021-04-01 14:17:24,-53.15,-70.9167,50.0,76,0,9.22
18,Narsaq,GL,2021-04-01 14:17:24,60.9167,-46.05,35.6,80,75,3.44
19,Mount Gambier,AU,2021-04-01 14:17:25,-37.8333,140.7667,57.2,77,17,4.61
20,Nabire,ID,2021-04-01 14:17:25,-3.3667,135.4833,76.39,93,100,5.03
21,Port Alfred,ZA,2021-04-01 14:17:13,-33.5906,26.891,69.12,72,49,15.28
22,Sitka,US,2021-04-01 14:17:25,57.0531,-135.33,32.0,93,90,8.05
23,Cidreira,BR,2021-04-01 14:17:26,-30.1811,-50.2056,73.85,55,29,8.25
24,Bethel,US,2021-04-01 14:13:21,41.3712,-73.414,39.99,90,100,1.99
25,Avarua,CK,2021-04-01 14:17:26,-21.2078,-159.775,77.0,83,8,2.3
26,Manzhouli,CN,2021-04-01 14:17:26,49.6,117.4333,42.98,54,100,7.83
27,Tadine,NC,2021-04-01 14:17:27,-21.55,167.8833,72.81,90,100,16.62
28,Chokurdakh,RU,2021-04-01 14:17:27,70.6333,147.9167,-11.02,98,96,4.76
29,Tiksi,RU,2021-04-01 14:17:27,71.6872,128.8694,-4.94,99,100,8.79
30,Inhambane,MZ,2021-04-01 14:17:28,-23.865,35.3833,84.2,51,20,9.22
31,Sisophon,KH,2021-04-01 14:17:28,13.5859,102.9737,87.84,51,65,8.99
32,Tevaitoa,PF,2021-04-01 14:17:28,-16.7833,-151.5,80.8,75,98,2.46
33,Namibe,AO,2021-04-01 14:17:29,-15.1961,12.1522,80.44,72,15,11.34
34,Kapaa,US,2021-04-01 14:17:29,22.0752,-159.319,73.4,78,75,13.8
35,Albany,US,2021-04-01 14:13:19,42.6001,-73.9662,36.0,72,100,1.99
36,Hermanus,ZA,2021-04-01 14:17:29,-34.4187,19.2345,71.01,52,59,7.0
37,Hilo,US,2021-04-01 14:14:51,19.7297,-155.09,66.0,84,75,5.75
38,Zhaotong,CN,2021-04-01 14:17:30,27.3167,103.7167,50.83,82,86,8.03
39,Salalah,OM,2021-04-01 14:15:42,17.0151,54.0924,87.8,58,0,5.75
40,Osorio,BR,2021-04-01 14:16:21,-29.8867,-50.2697,75.24,51,4,4.21
41,Mar Del Plata,AR,2021-04-01 14:17:30,-38.0023,-57.5575,66.99,68,75,9.22
42,Bambous Virieux,MU,2021-04-01 14:17:31,-20.3428,57.7575,82.4,78,40,6.91
43,Hobart,AU,2021-04-01 14:17:31,-42.8794,147.3294,59.0,77,90,8.05
44,Mongoumba,CF,2021-04-01 14:17:32,3.6415,18.5936,88.83,47,90,1.9
45,Bluff,NZ,2021-04-01 14:17:32,-46.6,168.3333,62.38,66,100,28.41
46,Atuona,PF,2021-04-01 14:15:15,-9.8,-139.0333,79.74,82,100,16.28
47,Nanortalik,GL,2021-04-01 14:17:32,60.1432,-45.2371,36.55,85,61,11.86
48,Ancud,CL,2021-04-01 14:17:33,-41.8697,-73.8203,55.99,100,90,3.44
49,Bredasdorp,ZA,2021-04-01 14:17:33,-34.5322,20.0403,71.6,40,99,10.36
50,Tricase,IT,2021-04-01 14:17:33,39.9304,18.3553,68.0,68,0,5.75
51,Dolgorukovo,RU,2021-04-01 14:17:34,52.3195,38.3453,48.96,71,43,14.41
52,Tilichiki,RU,2021-04-01 14:17:34,60.4667,166.1,24.6,96,100,8.19
53,Belyy Yar,RU,2021-04-01 14:17:34,53.6039,91.3903,33.8,51,0,4.47
54,Jamestown,US,2021-04-01 14:17:35,42.097,-79.2353,28.99,74,90,9.22
55,Portland,US,2021-04-01 14:16:00,45.5234,-122.6762,45.0,83,100,1.01
56,Saint George,US,2021-04-01 14:13:49,37.1041,-113.5841,41.0,30,1,3.44
57,Vaini,TO,2021-04-01 14:17:35,-21.2,-175.2,78.8,94,75,3.44
58,Barrow,US,2021-04-01 14:16:04,71.2906,-156.7887,-11.2,70,1,12.66
59,Miramar,US,2021-04-01 14:17:36,25.9873,-80.2323,81.0,65,1,4.61
60,Saint-Georges,GD,2021-04-01 14:17:37,12.0564,-61.7485,84.2,65,40,20.71
61,Alofi,NU,2021-04-01 14:17:37,-19.0595,-169.9187,77.0,94,5,4.61
62,Cherskiy,RU,2021-04-01 14:17:38,68.75,161.3,-18.92,96,5,3.6
63,Nago,JP,2021-04-01 14:17:38,26.5881,127.9761,75.2,88,75,8.05
64,Palmer,US,2021-04-01 14:17:39,42.1584,-72.3287,42.01,75,90,12.66
65,Isla Vista,US,2021-04-01 14:17:39,34.4133,-119.861,64.0,66,1,4.83
66,Cockburn Town,TC,2021-04-01 14:17:39,21.4612,-71.1419,77.4,68,1,18.57
67,Boende,CD,2021-04-01 14:17:40,-0.2167,20.8667,87.67,51,81,3.69
68,Kodiak,US,2021-04-01 14:17:40,57.79,-152.4072,24.8,36,1,25.32
69,Nikolskoye,RU,2021-04-01 14:17:40,59.7035,30.7861,46.4,53,40,17.9
70,Batticaloa,LK,2021-04-01 14:17:41,7.7102,81.6924,82.63,83,5,4.32
71,Luderitz,NA,2021-04-01 14:17:41,-26.6481,15.1594,76.6,55,1,16.93
72,Rawson,AR,2021-04-01 14:16:22,-43.3002,-65.1023,62.53,68,100,5.5
73,Tuktoyaktuk,CA,2021-04-01 14:17:42,69.4541,-133.0374,-23.8,69,20,11.5
74,Cape Town,ZA,2021-04-01 14:17:23,-33.9258,18.4232,71.01,52,0,20.71
75,Coquimbo,CL,2021-04-01 14:17:42,-29.9533,-71.3436,59.0,77,90,3.44
76,Vardo,NO,2021-04-01 14:17:42,70.3705,31.1107,33.8,86,75,9.22
77,Kaitangata,NZ,2021-04-01 14:17:43,-46.2817,169.8464,61.0,54,100,3.0
78,Khandyga,RU,2021-04-01 14:17:43,62.6667,135.6,21.13,96,100,5.23
79,Brae,GB,2021-04-01 14:17:43,60.3964,-1.353,44.6,65,75,12.66
80,Half Moon Bay,US,2021-04-01 14:13:48,37.4636,-122.4286,55.4,40,20,5.57
81,Mareeba,AU,2021-04-01 14:17:44,-17.0,145.4333,75.2,78,75,11.5
82,Marsh Harbour,BS,2021-04-01 14:17:44,26.5412,-77.0636,76.66,74,89,9.4
83,Juegang,CN,2021-04-01 14:17:45,32.3174,121.1855,57.0,98,100,11.52
84,Hami,CN,2021-04-01 14:17:45,42.8,93.45,52.45,25,0,2.75
85,Santa Ana,US,2021-04-01 14:17:45,33.7456,-117.8678,68.0,47,20,6.13
86,Falmouth,GB,2021-04-01 14:17:46,50.1544,-5.0711,66.2,72,0,28.77
87,Caravelas,BR,2021-04-01 14:17:46,-17.7125,-39.2481,86.85,60,59,6.33
88,Aswan,EG,2021-04-01 14:17:46,24.0934,32.907,81.97,13,0,10.47
89,Ngunguru,NZ,2021-04-01 14:17:47,-35.6167,174.5,61.0,96,17,8.01
90,Geraldton,AU,2021-04-01 14:17:47,-28.7667,114.6,75.2,88,0,8.05
91,San Quintin,MX,2021-04-01 14:17:47,30.4833,-115.95,64.26,35,0,5.28
92,Kavaratti,IN,2021-04-01 14:17:48,10.5669,72.642,83.97,64,61,12.75
93,Capitao Poco,BR,2021-04-01 14:17:48,-1.7464,-47.0594,82.92,77,98,3.42
94,Santa Cruz De La Palma,ES,2021-04-01 14:17:48,28.6835,-17.7642,73.4,56,20,6.91
95,Upernavik,GL,2021-04-01 14:17:48,72.7868,-56.1549,23.18,67,100,8.93
96,Bengkulu,ID,2021-04-01 14:17:49,-3.8004,102.2655,76.44,89,100,8.05
97,Ilulissat,GL,2021-04-01 14:17:49,69.2167,-51.1,28.4,86,75,8.05
98,Avera,US,2021-04-01 14:17:49,33.194,-82.5271,51.01,43,1,12.66
99,Margate,GB,2021-04-01 14:15:07,51.3813,1.3862,46.0,72,13,7.0
100,Peddapuram,IN,2021-04-01 14:17:50,17.0833,82.1333,91.4,52,20,9.22
101,Saint-Philippe,RE,2021-04-01 14:17:50,-21.3585,55.7679,80.6,69,75,21.85
102,Novaya Lyada,RU,2021-04-01 14:17:50,52.7131,41.6387,44.35,80,100,11.56
103,Kruisfontein,ZA,2021-04-01 14:17:51,-34.0033,24.7314,68.0,64,100,5.99
104,Potsdam,DE,2021-04-01 14:17:52,52.3989,13.0657,63.0,56,93,1.01
105,Comodoro Rivadavia,AR,2021-04-01 14:17:52,-45.8667,-67.5,55.4,100,90,2.3
106,East London,ZA,2021-04-01 14:17:52,-33.0153,27.9116,66.2,68,20,11.5
107,Iwaki,JP,2021-04-01 14:17:52,37.05,140.8833,51.01,87,100,1.01
108,Duluth,US,2021-04-01 14:17:53,46.7833,-92.1066,28.99,63,1,4.61
109,Tommot,RU,2021-04-01 14:17:53,58.9564,126.2925,15.78,93,100,2.8
110,Qaqortoq,GL,2021-04-01 14:17:53,60.7167,-46.0333,35.6,80,75,3.44
111,Taksimo,RU,2021-04-01 14:17:54,56.3444,114.8794,18.18,88,92,5.93
112,Yellowknife,CA,2021-04-01 14:13:14,62.456,-114.3525,8.6,85,90,18.41
113,Iqaluit,CA,2021-04-01 14:17:54,63.7506,-68.5145,-20.0,69,40,25.32
114,Bakel,SN,2021-04-01 14:17:54,14.905,-12.4568,109.09,4,21,12.15
115,Majene,ID,2021-04-01 14:17:55,-3.5403,118.9707,80.74,76,100,7.72
116,Provideniya,RU,2021-04-01 14:17:55,64.3833,-173.3,-0.13,91,93,0.78
117,Tuatapere,NZ,2021-04-01 14:17:55,-46.1333,167.6833,58.33,70,100,10.07
118,Lofthus,NO,2021-04-01 14:17:56,59.9468,10.8018,52.0,41,14,5.26
119,Lavrentiya,RU,2021-04-01 14:17:56,65.5833,-171.0,-6.97,87,100,1.19
120,Honiara,SB,2021-04-01 14:13:06,-9.4333,159.95,78.26,87,85,2.53
121,Abha,SA,2021-04-01 14:13:28,18.2164,42.5053,80.6,29,20,17.27
122,Kalevala,RU,2021-04-01 14:17:57,65.2,31.1667,35.96,79,93,10.65
123,Mawlaik,MM,2021-04-01 14:17:57,23.6333,94.4167,81.57,32,21,1.43
124,Kampene,CD,2021-04-01 14:17:57,-3.6,26.6667,84.24,53,62,3.91
125,Ossora,RU,2021-04-01 14:17:57,59.2353,163.0719,29.64,97,100,4.94
126,Souillac,MU,2021-04-01 14:17:58,-20.5167,57.5167,82.4,78,40,6.91
127,Sangar,RU,2021-04-01 14:17:58,63.9242,127.4739,20.3,95,100,9.35
128,Nucet,RO,2021-04-01 14:17:58,44.7833,25.55,63.0,36,0,6.91
129,Okha,RU,2021-04-01 14:17:59,53.5739,142.9478,19.67,92,78,7.74
130,Nadym,RU,2021-04-01 14:17:59,65.5333,72.5167,31.93,95,100,12.75
131,San Ignacio,BZ,2021-04-01 14:17:59,17.1561,-89.0714,78.8,83,75,3.18
132,Moose Factory,CA,2021-04-01 14:18:00,51.2585,-80.6094,8.6,66,1,2.3
133,Severo-Kurilsk,RU,2021-04-01 14:18:00,50.6789,156.125,32.32,93,98,31.56
134,Port Elizabeth,ZA,2021-04-01 14:18:00,-33.918,25.5701,68.0,73,20,13.8
135,Shingu,JP,2021-04-01 14:18:01,33.7333,135.9833,59.32,90,100,5.61
136,Xuanwu,CN,2021-04-01 14:18:01,32.069,118.8138,57.2,100,90,2.24
137,Lompoc,US,2021-04-01 14:18:02,34.6391,-120.4579,53.6,66,2,6.91
138,Faanui,PF,2021-04-01 14:18:02,-16.4833,-151.75,80.71,73,97,4.29
139,Thompson,CA,2021-04-01 14:18:02,55.7435,-97.8558,24.8,68,75,5.75
140,Noumea,NC,2021-04-01 14:18:02,-22.2763,166.4572,73.4,83,0,2.3
141,Pevek,RU,2021-04-01 14:18:03,69.7008,170.3133,-9.53,96,97,0.4
142,Saint Anthony,US,2021-04-01 14:18:03,45.0205,-93.218,30.0,54,1,2.98
143,Sakaide,JP,2021-04-01 14:18:03,34.3167,133.85,57.0,57,100,9.19
144,Pisco,PE,2021-04-01 14:18:04,-13.7,-76.2167,71.6,73,1,4.61
145,Yumen,CN,2021-04-01 14:18:04,40.2833,97.2,43.93,28,100,10.33
146,Mahebourg,MU,2021-04-01 14:16:06,-20.4081,57.7,82.4,78,40,6.91
147,Slavsk,RU,2021-04-01 14:18:04,55.0425,21.677,37.94,91,100,11.1
148,Gombe,NG,2021-04-01 14:18:05,10.2897,11.1673,95.0,10,98,5.75
149,Aracaju,BR,2021-04-01 14:18:05,-10.9111,-37.0717,86.0,66,75,13.8
150,Ariquemes,BR,2021-04-01 14:18:05,-9.9133,-63.0408,82.62,70,99,1.79
151,Chapais,CA,2021-04-01 14:18:06,49.7834,-74.8492,8.6,72,90,12.66
152,Santiago Del Estero,AR,2021-04-01 14:18:06,-27.7951,-64.2615,66.4,73,100,5.32
153,Svetlogorsk,BY,2021-04-01 14:18:06,52.6333,29.7333,62.6,45,63,9.35
154,Carnarvon,AU,2021-04-01 14:18:06,-24.8667,113.6333,80.6,89,75,8.05
155,Katherine,AU,2021-04-01 14:18:07,-14.4667,132.2667,84.2,45,90,13.8
156,Wawa,NG,2021-04-01 14:18:07,9.9022,4.4192,99.37,13,53,5.3
157,Yokkaichi,JP,2021-04-01 14:18:07,34.9667,136.6167,61.0,88,75,14.97
158,Hailar,CN,2021-04-01 14:18:08,49.2,119.7,47.5,42,100,9.75
159,Sayaxche,GT,2021-04-01 14:18:08,16.5167,-90.1667,76.28,75,35,0.94
160,Port Macquarie,AU,2021-04-01 14:15:34,-31.4333,152.9167,63.0,98,27,1.99
161,Urubamba,PE,2021-04-01 14:18:09,-13.3047,-72.1158,50.0,71,75,2.3
162,Bandarbeyla,SO,2021-04-01 14:18:09,9.4942,50.8122,81.88,55,3,8.9
163,Birin,NP,2021-04-01 14:18:09,26.8865,88.0718,77.0,73,40,6.91
164,Rabo De Peixe,PT,2021-04-01 14:18:10,37.8,-25.5833,62.6,77,20,9.22
165,San Cristobal,VE,2021-04-01 14:18:10,7.7669,-72.225,77.0,100,40,4.61
166,Te Anau,NZ,2021-04-01 14:18:10,-45.4167,167.7167,53.42,68,100,5.77
167,Lebu,CL,2021-04-01 14:18:10,-37.6167,-73.65,59.14,81,91,10.04
168,Vondrozo,MG,2021-04-01 14:18:11,-22.8167,47.2833,69.39,89,91,3.74
169,La Ronge,CA,2021-04-01 14:18:12,55.1001,-105.2842,26.6,86,100,3.44
170,Butaritari,KI,2021-04-01 14:18:12,3.0707,172.7902,81.41,81,78,16.49
171,Siderno,IT,2021-04-01 14:18:13,38.2779,16.302,69.8,40,0,14.97
172,Kasongo-Lunda,CD,2021-04-01 14:18:13,-6.4667,16.8167,77.63,79,100,1.7
173,Longyearbyen,SJ,2021-04-01 14:18:13,78.2186,15.6401,30.2,69,40,12.66
174,Acapulco,MX,2021-04-01 14:16:43,16.8634,-99.8901,82.4,51,40,5.75
175,Kedrovyy,RU,2021-04-01 14:18:14,56.1667,91.8167,30.2,74,40,13.42
176,Harboore,DK,2021-04-01 14:18:14,56.6175,8.1807,50.0,67,84,4.0
177,Ayan,RU,2021-04-01 14:18:14,56.45,138.1667,18.1,85,62,7.07
178,Brazzaville,CG,2021-04-01 14:18:14,-4.2658,15.2832,91.4,49,75,4.61
179,Barahona,DO,2021-04-01 14:15:02,18.2085,-71.1008,78.8,89,75,13.8
180,Hovd,MN,2021-04-01 14:18:15,48.0056,91.6419,32.16,43,100,3.78
181,Isangel,VU,2021-04-01 14:18:15,-19.55,169.2667,77.77,87,100,11.61
182,Nome,US,2021-04-01 14:17:32,64.5011,-165.4064,-0.4,60,1,17.27
183,Along,IN,2021-04-01 14:18:15,28.1667,94.7667,59.16,95,75,3.65
184,Punta Cardon,VE,2021-04-01 14:18:16,11.6581,-70.215,80.2,72,100,27.94
185,Marzuq,YE,2021-04-01 14:18:16,14.4,46.4667,84.9,12,60,15.84
186,Businga,CD,2021-04-01 14:18:16,3.3333,20.8833,94.03,36,86,2.77
187,Ust-Nera,RU,2021-04-01 14:18:17,64.5667,143.2,-6.95,95,35,2.13
188,Pierre,US,2021-04-01 14:18:17,44.3683,-100.351,34.0,55,1,9.22
189,Codrington,AU,2021-04-01 14:18:17,-38.2667,141.9667,60.37,66,76,6.04
190,Toktogul,KG,2021-04-01 14:18:18,41.8708,72.9402,32.32,53,59,10.27
191,Cabo San Lucas,MX,2021-04-01 14:18:18,22.8909,-109.9124,71.6,26,40,8.05
192,Marawi,PH,2021-04-01 14:18:18,7.9986,124.2928,70.75,96,82,0.2
193,Georgetown,MY,2021-04-01 14:15:11,5.4112,100.3354,86.0,79,20,2.3
194,Yamada,JP,2021-04-01 14:18:19,39.4667,141.95,44.17,84,9,3.94
195,Yulara,AU,2021-04-01 14:18:19,-25.2406,130.9889,71.6,28,0,6.91
196,Dinan,FR,2021-04-01 14:18:19,48.4167,-2.25,75.99,49,0,9.22
197,Baramati,IN,2021-04-01 14:18:20,18.15,74.5833,90.05,24,15,18.1
198,Chuy,UY,2021-04-01 14:18:20,-33.6971,-53.4616,70.54,56,43,8.5
199,Plouzane,FR,2021-04-01 14:18:20,48.3833,-4.6167,80.6,26,0,11.5
200,Lata,PT,2021-04-01 14:18:21,40.1629,-8.3327,66.99,78,95,1.01
201,Moberly,US,2021-04-01 14:18:21,39.4184,-92.4382,33.01,51,1,8.05
202,Champerico,GT,2021-04-01 14:18:21,14.3,-91.9167,80.6,69,0,2.46
203,West Wendover,US,2021-04-01 14:18:22,40.7391,-114.0733,28.4,54,1,1.25
204,Victoria,HK,2021-04-01 14:14:18,22.2855,114.1577,80.01,84,74,9.51
205,Lagoa,PT,2021-04-01 14:18:22,39.05,-27.9833,58.87,82,100,20.78
206,Vila Velha,BR,2021-04-01 14:15:09,-20.3297,-40.2925,80.6,61,0,11.5
207,Havoysund,NO,2021-04-01 14:18:23,70.9963,24.6622,37.4,75,40,3.44
208,Mende,FR,2021-04-01 14:18:23,44.6667,3.5,62.17,19,0,5.79
209,Puerto Ayora,EC,2021-04-01 14:18:23,-0.7393,-90.3518,80.6,83,20,11.5
210,Mocuba,MZ,2021-04-01 14:18:24,-16.8392,36.9856,80.49,68,15,3.74
211,Letnyaya Stavka,RU,2021-04-01 14:18:24,45.4306,43.4472,55.72,55,100,16.4
212,Varhaug,NO,2021-04-01 14:18:24,58.6147,5.6457,46.4,61,40,21.85
213,Bayonet Point,US,2021-04-01 14:18:24,28.3267,-82.6834,72.0,86,71,1.01
214,Fare,PF,2021-04-01 14:18:25,-16.7,-151.0167,80.73,74,88,2.33
215,Swedru,GH,2021-04-01 14:18:25,5.5371,-0.6998,89.6,62,20,9.22
216,Lorengau,PG,2021-04-01 14:18:25,-2.0226,147.2712,82.47,75,100,4.85
217,Port Hawkesbury,CA,2021-04-01 14:18:26,45.6169,-61.3485,50.0,81,90,12.66
218,La Ciotat,FR,2021-04-01 14:18:26,43.1748,5.6045,72.0,27,4,5.99
219,Castro,BR,2021-04-01 14:16:13,-24.7911,-50.0119,66.78,49,54,2.95
220,Lavumisa,SZ,2021-04-01 14:18:26,-27.31,31.892,86.5,48,10,10.76
221,Birnin Kebbi,NG,2021-04-01 14:18:27,12.4539,4.1975,100.67,5,8,10.22
222,Saint-Augustin,CA,2021-04-01 14:18:27,51.226,-58.6502,33.01,99,100,8.37
223,Pincher Creek,CA,2021-04-01 14:15:04,49.4833,-113.952,44.6,36,1,20.71
224,Hamilton,US,2021-04-01 14:17:59,39.1834,-84.5333,36.0,55,40,10.36
225,Smolensk,RU,2021-04-01 14:18:28,55.0,33.0,49.84,83,100,9.82
226,North Bend,US,2021-04-01 14:18:28,43.4065,-124.2243,42.01,100,1,4.61
227,Abancay,PE,2021-04-01 14:18:28,-13.6339,-72.8814,50.0,66,75,8.05
228,Aklavik,CA,2021-04-01 14:18:28,68.2191,-135.0107,-11.2,70,75,12.66
229,Tazovskiy,RU,2021-04-01 14:18:29,67.4667,78.7,6.49,87,100,21.41
230,Namatanai,PG,2021-04-01 14:18:29,-3.6667,152.4333,80.04,82,86,7.4
231,Svetlaya,RU,2021-04-01 14:18:29,46.5389,138.3297,34.65,82,4,6.55
232,Gilgit,PK,2021-04-01 14:18:30,35.9221,74.3087,47.5,39,2,4.41
233,Gat,IL,2021-04-01 14:18:30,31.61,34.7642,66.99,48,72,1.99
234,Nemuro,JP,2021-04-01 14:18:30,43.3236,145.575,35.33,90,78,3.06
235,Conceicao Da Barra,BR,2021-04-01 14:18:30,-18.5933,-39.7322,85.57,64,51,7.0
236,Tutoia,BR,2021-04-01 14:18:31,-2.7619,-42.2744,87.8,70,40,16.11
237,Agapovka,RU,2021-04-01 14:18:31,53.2973,59.1348,35.6,60,20,22.37
238,Krasnyy Oktyabr,RU,2021-04-01 14:18:31,56.1167,38.8833,39.99,99,100,4.21
239,Vyselki,RU,2021-04-01 14:18:32,45.5794,39.6597,57.38,60,88,9.26
240,Millerovo,RU,2021-04-01 14:18:32,48.9226,40.3967,55.4,42,3,10.36
241,Asau,RO,2021-04-01 14:18:32,46.4333,26.4,63.0,39,0,14.97
242,Muncar,ID,2021-04-01 14:18:33,-8.4333,114.3333,76.62,90,100,2.46
243,Bud,US,2021-04-01 14:18:33,39.447,-86.1758,35.01,74,25,14.52
244,Qaanaaq,GL,2021-04-01 14:15:14,77.484,-69.3632,2.34,83,100,3.49
245,Petawawa,CA,2021-04-01 14:18:33,45.9001,-77.3328,25.0,58,90,12.66
246,Ochakiv,UA,2021-04-01 14:18:33,46.6128,31.5498,60.8,51,0,2.24
247,Dymytrove,UA,2021-04-01 14:18:34,48.6077,32.9835,60.8,36,0,8.95
248,Urengoy,RU,2021-04-01 14:18:34,65.9667,78.3667,17.29,93,100,20.42
249,Dezhou,CN,2021-04-01 14:18:34,37.4486,116.2925,60.64,32,99,7.52
250,Paamiut,GL,2021-04-01 14:18:35,61.994,-49.6678,35.47,89,100,42.3
251,Dikson,RU,2021-04-01 14:18:35,73.5069,80.5464,-4.07,69,100,12.5
252,Matara,LK,2021-04-01 14:18:35,5.9485,80.5353,80.69,83,46,9.64
253,Kattivakkam,IN,2021-04-01 14:18:36,13.2167,80.3167,86.0,79,20,11.5
254,Pedro Juan Caballero,PY,2021-04-01 14:18:36,-22.5472,-55.7333,73.4,49,0,4.61
255,Mosjoen,NO,2021-04-01 14:18:36,65.836,13.1908,37.4,93,75,6.91
256,Poum,NC,2021-04-01 14:18:36,-20.2333,164.0167,74.17,86,100,9.86
257,Pochutla,MX,2021-04-01 14:18:37,15.7432,-96.4661,80.01,65,1,1.36
258,Kayerkan,RU,2021-04-01 14:18:37,69.3497,87.7602,-15.34,92,9,5.57
259,Verkhoyansk,RU,2021-04-01 14:18:38,67.5447,133.385,3.87,99,99,1.72
260,Torbay,CA,2021-04-01 14:18:38,47.6666,-52.7314,44.01,45,75,2.3
261,San Policarpo,PH,2021-04-01 14:18:38,12.1791,125.5072,80.37,75,41,10.47
262,Copiapo,CL,2021-04-01 14:18:38,-27.3667,-70.3333,62.6,67,75,6.91
263,Maceio,BR,2021-04-01 14:17:00,-9.6658,-35.7353,87.8,62,75,11.5
264,Alcacer Do Sal,PT,2021-04-01 14:18:39,38.3733,-8.5144,66.0,88,75,12.66
265,Vagur,FO,2021-04-01 14:18:39,61.4732,-6.8119,44.15,86,24,22.68
266,Bonthe,SL,2021-04-01 14:18:39,7.5264,-12.505,87.71,59,98,13.91
267,Arraial Do Cabo,BR,2021-04-01 14:18:40,-22.9661,-42.0278,82.4,54,0,21.85
268,Broome,US,2021-04-01 14:18:40,42.2506,-75.833,34.0,80,75,12.66
269,Florianopolis,BR,2021-04-01 14:15:11,-27.6146,-48.5012,77.0,64,75,17.27
270,Sibolga,ID,2021-04-01 14:18:40,1.7427,98.7792,77.94,83,80,4.16
271,Deputatskiy,RU,2021-04-01 14:18:41,69.3,139.9,-4.95,98,100,0.11
272,Honningsvag,NO,2021-04-01 14:18:42,70.9821,25.9704,34.79,82,100,8.61
273,Huarmey,PE,2021-04-01 14:18:42,-10.0681,-78.1522,71.28,82,98,5.77
274,Paulba,PH,2021-04-01 14:18:42,13.7136,123.2496,73.98,84,100,5.53
275,Oranjemund,NA,2021-04-01 14:18:42,-28.55,16.4333,67.71,68,0,18.25
276,Maloyaroslavets,RU,2021-04-01 14:18:43,55.0146,36.4719,48.2,87,90,6.71
277,Cheney,US,2021-04-01 14:17:35,47.4874,-117.5758,39.99,74,1,3.44
278,Yangjiang,CN,2021-04-01 14:18:43,21.85,111.9667,75.0,92,26,4.9
279,Tyukhtet,RU,2021-04-01 14:18:43,56.5389,89.3011,27.27,80,100,13.24
280,Surt,LY,2021-04-01 14:18:44,31.2089,16.5887,63.57,51,0,9.42
281,Palmares Do Sul,BR,2021-04-01 14:18:44,-30.2578,-50.5097,74.25,53,65,1.21
282,Wuning,CN,2021-04-01 14:18:44,29.2589,120.2311,66.67,97,49,3.76
283,Mackay,AU,2021-04-01 14:15:25,-21.15,149.2,72.0,73,29,9.22
284,Thanh Hoa,VN,2021-04-01 14:18:45,19.8,105.7667,75.7,92,27,3.71
285,Tateyama,JP,2021-04-01 14:18:45,34.9833,139.8667,57.99,77,95,3.0
286,Shelburne,CA,2021-04-01 14:18:45,44.0787,-80.2041,28.0,82,100,18.57
287,Taoudenni,ML,2021-04-01 14:18:46,22.6783,-3.9836,101.95,4,53,10.83
288,Kuytun,RU,2021-04-01 14:18:46,54.3419,101.5036,16.18,95,95,4.72
289,Alihe,CN,2021-04-01 14:18:46,50.5667,123.7167,35.29,85,100,3.09
290,Olga,RU,2021-04-01 14:18:47,43.7444,135.2892,41.61,65,37,3.8
291,Dingle,PH,2021-04-01 14:18:47,10.9995,122.6711,76.55,80,100,8.59
292,Labuan,MY,2021-04-01 14:18:47,5.2767,115.2417,80.6,89,20,1.14
293,Shuangcheng,CN,2021-04-01 14:18:48,45.35,126.2833,41.0,70,0,2.24
294,Patacamaya,BO,2021-04-01 14:18:48,-17.2333,-67.9167,48.79,61,81,2.86
295,Yingcheng,CN,2021-04-01 14:18:48,30.95,113.55,55.4,100,90,2.24
296,Utica,US,2021-04-01 14:18:48,43.1009,-75.2327,35.6,75,90,19.57
297,Ponca City,US,2021-04-01 14:18:49,36.707,-97.0856,48.0,65,1,4.81
298,Lillooet,CA,2021-04-01 14:18:49,50.6856,-121.942,44.6,65,1,20.71
299,Misratah,LY,2021-04-01 14:18:49,32.3754,15.0925,64.71,48,0,9.66
300,Khatanga,RU,2021-04-01 14:18:50,71.9667,102.5,-31.72,99,6,3.11
301,Bathsheba,BB,2021-04-01 14:18:50,13.2167,-59.5167,84.2,51,20,19.57
302,Beaverton,US,2021-04-01 14:18:11,45.4871,-122.8037,45.0,85,100,1.9
303,Osmena,PH,2021-04-01 14:18:50,10.5208,119.9258,83.46,74,70,14.99
304,Hobyo,SO,2021-04-01 14:18:51,5.3505,48.5268,83.62,64,74,13.78
305,Vega De Alatorre,MX,2021-04-01 14:18:52,20.0333,-96.6333,75.65,79,3,8.68
306,Mehamn,NO,2021-04-01 14:18:52,71.0357,27.8492,32.85,91,100,4.27
307,Yantal,RU,2021-04-01 14:18:53,56.8471,105.2542,6.93,98,100,2.89
308,Egvekinot,RU,2021-04-01 14:18:53,66.3167,-179.1667,-0.92,97,100,3.49
309,Ondjiva,AO,2021-04-01 14:18:53,-17.0667,15.7333,76.73,60,71,9.78
310,Uyuni,BO,2021-04-01 14:18:54,-20.4597,-66.825,52.11,46,81,13.22
311,Coihaique,CL,2021-04-01 14:18:24,-45.5752,-72.0662,48.2,93,90,4.61
312,Sesheke,ZM,2021-04-01 14:18:54,-17.4759,24.2968,83.88,35,15,5.84
313,Riyadh,SA,2021-04-01 14:17:10,24.6877,46.7219,98.6,7,0,10.36
314,Southbridge,US,2021-04-01 14:15:32,42.0751,-72.0334,41.0,96,100,3.0
315,Jiexiu,CN,2021-04-01 14:18:54,37.0244,111.9125,48.78,78,100,8.39
316,Verkhnevilyuysk,RU,2021-04-01 14:18:55,63.4453,120.3167,9.57,89,83,10.76
317,Superior,US,2021-04-01 14:16:19,46.7208,-92.1041,28.99,63,1,4.61
318,Mitsamiouli,KM,2021-04-01 14:18:55,-11.3847,43.2844,87.8,70,20,11.5
319,Lac Du Bonnet,CA,2021-04-01 14:18:55,50.2536,-96.0612,28.99,99,67,10.0
320,Tarauaca,BR,2021-04-01 14:18:56,-8.1614,-70.7656,81.61,75,98,1.79
321,Qui Nhon,VN,2021-04-01 14:18:56,13.7667,109.2333,78.69,89,13,8.84
322,Deep River,CA,2021-04-01 14:18:33,46.1001,-77.4995,23.0,58,90,12.66
323,Kloulklubed,PW,2021-04-01 14:18:57,7.0419,134.2556,77.0,94,75,7.67
324,Pervomayskoye,RU,2021-04-01 14:18:57,43.919,46.7102,50.97,60,0,21.85
325,Genhe,CN,2021-04-01 14:18:57,50.7833,121.5167,33.82,99,100,3.74
326,Nisia Floresta,BR,2021-04-01 14:18:57,-6.0911,-35.2086,86.0,66,75,11.5
327,Talnakh,RU,2021-04-01 14:18:58,69.4865,88.3972,-13.49,76,1,5.91
328,Leh,IN,2021-04-01 14:15:38,34.1667,77.5833,31.95,28,65,6.73
329,Amapa,BR,2021-04-01 14:18:58,1.0,-52.0,73.0,98,100,0.43
330,Cazones,MX,2021-04-01 14:18:58,20.7167,-97.3167,73.4,88,90,6.91
331,Vao,NC,2021-04-01 14:18:59,-22.6667,167.4833,76.1,75,100,18.21
332,Tasiilaq,GL,2021-04-01 14:18:59,65.6145,-37.6368,30.2,74,75,8.05
333,Flinders,AU,2021-04-01 14:18:59,-34.5833,150.8552,64.99,85,74,1.01
334,Raha,IN,2021-04-01 14:19:00,26.2333,92.5167,83.93,42,40,0.58
335,Ostrovnoy,RU,2021-04-01 14:19:00,68.0531,39.5131,29.71,96,100,11.92
336,Vostok,RU,2021-04-01 14:19:00,46.4856,135.8833,25.7,89,9,5.79
337,Sidney,AU,2021-04-01 14:17:36,-33.8679,151.2073,66.2,82,75,5.75
338,Guerrero Negro,MX,2021-04-01 14:19:01,27.9769,-114.0611,61.92,57,5,5.64
339,Muros,ES,2021-04-01 14:19:01,42.7762,-9.0603,66.0,78,69,11.01
340,Huron,US,2021-04-01 14:19:01,41.1501,-82.5499,28.99,81,86,8.01
341,Saskylakh,RU,2021-04-01 14:19:02,71.9167,114.0833,-32.73,100,100,5.28
342,Pangoa,PE,2021-04-01 14:19:02,-12.1167,-73.0,71.98,90,100,2.3
343,Berlevag,NO,2021-04-01 14:19:02,70.8578,29.0864,33.33,83,100,6.15
344,Kota Bahru,MY,2021-04-01 14:19:03,6.1333,102.2386,84.0,94,40,3.44
345,Naze,JP,2021-04-01 14:19:03,28.3667,129.4833,65.14,94,100,20.6
346,Riachao Das Neves,BR,2021-04-01 14:19:03,-11.7461,-44.91,88.25,49,94,3.31
347,Oktyabrskoye,RU,2021-04-01 14:19:04,43.0645,44.7417,51.8,62,75,8.95
348,Pangnirtung,CA,2021-04-01 14:19:04,66.1451,-65.7125,-11.2,77,90,18.41
349,Tashla,RU,2021-04-01 14:19:04,51.7716,52.7427,35.13,87,39,9.71
350,Manadhoo,MV,2021-04-01 14:19:05,5.7667,73.3833,84.74,72,100,13.76
351,The Pas,CA,2021-04-01 14:19:05,53.8251,-101.2541,28.4,74,20,8.05
352,Hida,RO,2021-04-01 14:19:05,47.0667,23.2833,66.2,45,40,9.22
353,Roald,NO,2021-04-01 14:19:06,62.5833,6.1333,41.0,70,75,23.02
354,Bulolo,PG,2021-04-01 14:19:06,-7.2,146.65,72.07,96,100,0.56
355,Vanavara,RU,2021-04-01 14:19:06,60.34,102.2797,2.32,97,100,3.13
356,Kahului,US,2021-04-01 14:19:07,20.8947,-156.47,69.8,100,1,9.22
357,Gobabis,NA,2021-04-01 14:19:07,-22.45,18.9667,81.36,25,14,10.71
358,Trenggalek,ID,2021-04-01 14:19:07,-8.05,111.7167,76.42,93,100,1.45
359,Hambantota,LK,2021-04-01 14:19:08,6.1241,81.1185,86.0,74,20,12.66
360,Kaeo,NZ,2021-04-01 14:19:08,-35.1,173.7833,61.0,96,19,8.01
361,Yar-Sale,RU,2021-04-01 14:19:08,66.8333,70.8333,25.38,96,100,15.77
362,Iisalmi,FI,2021-04-01 14:19:08,63.5592,27.1907,41.0,48,0,14.97
363,Kaspiyskiy,RU,2021-04-01 14:19:09,45.3929,47.3707,48.33,58,85,22.7
364,Teya,RU,2021-04-01 14:19:09,60.3778,92.6267,17.04,97,100,2.59
365,Hinton,CA,2021-04-01 14:19:09,53.4001,-117.5857,41.0,48,100,5.75
366,Abhar,IR,2021-04-01 14:19:10,36.1468,49.218,56.82,57,96,11.88
367,Jaisalmer,IN,2021-04-01 14:19:10,26.9147,70.9181,89.8,3,0,5.12
368,Smirnykh,RU,2021-04-01 14:19:10,49.75,142.8333,21.67,89,77,4.32
369,Luangwa,ZM,2021-04-01 14:19:11,-15.6167,30.4167,82.67,50,47,5.53
370,Foumban,CM,2021-04-01 14:19:11,5.7291,10.9001,86.76,16,100,6.08
371,Biscarrosse,FR,2021-04-01 14:19:11,44.3945,-1.1672,78.8,31,0,10.36
372,Sorong,ID,2021-04-01 14:19:11,-0.8833,131.25,81.86,77,99,3.74
373,San Pedro,PH,2021-04-01 14:19:12,14.35,121.0167,82.4,74,20,10.36
374,Kiunga,PG,2021-04-01 14:19:12,-6.1219,141.2906,73.8,99,100,1.79
375,Kalmunai,LK,2021-04-01 14:19:12,7.4167,81.8167,83.26,76,2,14.79
376,Quthing,LS,2021-04-01 14:19:13,-30.4,27.7003,72.5,41,55,9.66
377,Kasongo,CD,2021-04-01 14:19:13,-4.45,26.6667,80.64,69,100,2.28
378,Enid,US,2021-04-01 14:19:14,36.3956,-97.8784,46.4,46,1,6.91
379,Norman Wells,CA,2021-04-01 14:19:14,65.282,-126.8329,5.0,85,90,10.36
380,Cam Ranh,VN,2021-04-01 14:19:07,11.9214,109.1591,80.6,83,0,9.22
381,Miles City,US,2021-04-01 14:19:14,46.4083,-105.8406,32.0,51,1,10.36
382,Port-Gentil,GA,2021-04-01 14:19:15,-0.7193,8.7815,87.8,74,75,8.05
383,Ponta Delgada,PT,2021-04-01 14:19:15,37.7333,-25.6667,62.6,77,20,9.22
384,Manoel Urbano,BR,2021-04-01 14:19:15,-8.8389,-69.2597,82.35,72,100,1.97
385,Neyyattinkara,IN,2021-04-01 14:19:15,8.4,77.0833,86.0,74,40,6.91
386,Ishim,RU,2021-04-01 14:19:16,56.1128,69.4902,30.94,91,100,20.29
387,Nacala,MZ,2021-04-01 14:19:16,-14.5428,40.6728,86.0,58,75,16.11
388,Takoradi,GH,2021-04-01 14:19:16,4.8845,-1.7554,85.21,67,9,9.89
389,Erdenet,MN,2021-04-01 14:19:17,49.0333,104.0833,28.72,66,86,8.14
390,Alice Springs,AU,2021-04-01 14:19:17,-23.7,133.8833,66.2,48,0,5.75
391,Piacabucu,BR,2021-04-01 14:19:17,-10.4056,-36.4344,88.23,59,32,13.53
392,Shantipur,IN,2021-04-01 14:19:17,23.25,88.4667,87.8,62,0,8.05
393,Laguna,US,2021-04-01 14:19:18,38.421,-121.4238,52.0,76,1,3.47
394,Sabha,LY,2021-04-01 14:19:18,27.0377,14.4283,75.78,17,0,7.72
395,Fortuna,US,2021-04-01 14:19:18,40.5982,-124.1573,44.6,76,1,12.66
396,Rottenburg,DE,2021-04-01 14:19:19,48.4763,8.9353,72.0,33,20,14.0
397,Gunib,RU,2021-04-01 14:19:19,42.3876,46.9651,58.26,44,0,4.27
398,Mezen,RU,2021-04-01 14:19:19,65.8522,44.24,33.06,82,92,6.73
399,Concordia,AR,2021-04-01 14:16:48,-31.393,-58.0209,73.4,60,20,9.22
400,Dharchula,IN,2021-04-01 14:17:14,29.85,80.5333,60.85,15,0,6.22
401,Yaan,NG,2021-04-01 14:19:20,7.3833,8.5667,101.48,7,99,6.85
402,Fairbanks,US,2021-04-01 14:19:20,64.8378,-147.7164,5.0,78,90,11.5
403,Aykhal,RU,2021-04-01 14:19:20,66.0,111.5,-14.8,99,100,8.5
404,Gamba,GA,2021-04-01 14:19:21,-2.65,10.0,85.23,64,25,10.54
405,Masallatah,LY,2021-04-01 14:19:21,32.6167,14.0,65.7,42,1,10.11
406,Gubkinskiy,RU,2021-04-01 14:19:22,64.434,76.5026,31.86,98,100,10.42
407,Show Low,US,2021-04-01 14:18:18,34.2542,-110.0298,32.0,34,1,3.44
408,Kabompo,ZM,2021-04-01 14:19:22,-13.5927,24.2008,76.69,70,62,5.95
409,Banjar,ID,2021-04-01 14:19:22,-8.19,114.9675,82.4,83,20,2.3
410,Bhan,PK,2021-04-01 14:19:23,26.5583,67.7214,91.76,3,0,2.55
411,Airai,TL,2021-04-01 14:19:23,-8.9266,125.4092,60.49,96,100,1.74
412,Kendari,ID,2021-04-01 14:19:23,-3.945,122.4989,77.58,89,93,2.35
413,Fort-Shevchenko,KZ,2021-04-01 14:19:24,44.5086,50.263,55.53,37,21,14.0
414,Hanzhong,CN,2021-04-01 14:16:16,33.0728,107.0303,49.12,91,100,0.34
415,Ahipara,NZ,2021-04-01 14:19:24,-35.1667,173.1667,63.16,84,13,13.15
416,Yarada,IN,2021-04-01 14:19:25,17.65,83.2667,86.0,84,40,9.22
417,Moron,AR,2021-04-01 14:19:25,-34.6534,-58.6198,72.0,60,40,10.36
418,Shahr-E Babak,IR,2021-04-01 14:19:25,30.1165,55.1186,75.79,10,0,4.38
419,Leningradskiy,RU,2021-04-01 14:19:26,69.3833,178.4167,-4.36,95,100,3.89
420,Opuwo,NA,2021-04-01 14:19:26,-18.0607,13.84,72.36,74,83,12.88
421,San Patricio,US,2021-04-01 14:19:26,28.017,-97.5169,62.6,44,90,20.71
422,Korla,CN,2021-04-01 14:19:26,41.7597,86.1469,51.75,39,100,4.23
423,Adrar,MR,2021-04-01 14:19:27,20.5022,-10.0711,99.82,3,95,9.71
424,Bonito,BR,2021-04-01 14:19:27,-21.1211,-56.4819,84.78,37,80,4.21
425,Lokosovo,RU,2021-04-01 14:19:27,61.1333,74.8167,31.68,97,100,9.37
426,Dispur,IN,2021-04-01 14:19:28,26.1425,91.7889,71.6,78,40,2.04
427,Vesele,UA,2021-04-01 14:19:28,47.0148,34.915,59.85,39,0,5.14
428,Beisfjord,NO,2021-04-01 14:19:28,68.3751,17.5988,37.4,93,75,6.91
429,Novo Aripuana,BR,2021-04-01 14:19:29,-5.1206,-60.3797,85.87,63,59,0.98
430,Meulaboh,ID,2021-04-01 14:19:29,4.1363,96.1285,78.26,75,100,5.3
431,Jutai,BR,2021-04-01 14:19:29,-5.1833,-68.9,83.95,62,25,1.43
432,Shasta Lake,US,2021-04-01 14:19:29,40.6804,-122.3708,48.99,72,4,4.59
433,Broken Hill,AU,2021-04-01 14:19:30,-31.95,141.4333,66.2,42,0,6.91
434,Kushmurun,KZ,2021-04-01 14:19:30,52.4503,64.6311,30.96,83,99,18.23
435,Labytnangi,RU,2021-04-01 14:19:30,66.6572,66.4183,17.65,93,99,7.81
436,Corlu,TR,2021-04-01 14:17:13,41.1592,27.8,48.2,53,40,13.8
437,Angoche,MZ,2021-04-01 14:18:06,-16.2325,39.9086,79.97,63,22,11.27
438,Husavik,IS,2021-04-01 14:19:32,66.0449,-17.3389,48.2,46,40,5.75
439,Xuddur,SO,2021-04-01 14:19:32,4.1213,43.8894,96.48,21,85,2.91
440,Udachnyy,RU,2021-04-01 14:19:33,66.4167,112.4,-11.4,97,100,9.4
441,Hofn,IS,2021-04-01 14:19:33,64.2539,-15.2082,51.8,43,0,20.71
442,Thinadhoo,MV,2021-04-01 14:19:33,0.5333,72.9333,83.93,79,100,15.43
443,Pijijiapan,MX,2021-04-01 14:19:33,15.7011,-93.23,86.77,50,16,8.86
444,Komsomolskiy,UZ,2021-04-01 14:19:34,40.4272,71.7189,42.8,45,25,16.11
445,Mukhen,RU,2021-04-01 14:19:34,48.1,136.1,34.45,81,75,6.08
446,Maniitsoq,GL,2021-04-01 14:19:34,65.4167,-52.9,32.22,97,100,43.04
447,Jardim,BR,2021-04-01 14:19:35,-21.4803,-56.1381,87.67,33,84,2.95
448,Marsa Matruh,EG,2021-04-01 14:19:35,31.3525,27.2453,62.6,55,40,25.32
449,Aripuana,BR,2021-04-01 14:19:35,-9.1667,-60.6333,79.5,79,95,0.58
450,La Rioja,ES,2021-04-01 14:19:36,42.25,-2.5,66.0,32,0,13.8
451,Menongue,AO,2021-04-01 14:19:36,-14.6585,17.691,73.18,71,94,6.96
452,Constitucion,CL,2021-04-01 14:14:50,-35.3333,-72.4167,62.85,67,3,2.35
453,Goderich,CA,2021-04-01 14:19:37,43.7501,-81.7165,26.6,74,100,16.11
454,Arona,ES,2021-04-01 14:19:37,28.0996,-16.681,71.01,68,40,10.36
455,Clarence Town,AU,2021-04-01 14:19:37,-32.5833,151.7833,60.8,100,1,4.61
456,Visnes,NO,2021-04-01 14:19:37,59.3556,5.2242,44.6,70,20,19.57
457,Yorosso,ML,2021-04-01 14:19:38,12.3536,-4.7761,102.07,6,5,9.98
458,Nasice,HR,2021-04-01 14:19:38,45.4886,18.0878,75.0,43,43,1.99
459,Ambon,ID,2021-04-01 14:19:38,-3.6954,128.1814,78.8,94,40,4.61
460,Bell Ville,AR,2021-04-01 14:19:39,-32.6259,-62.6887,73.0,67,5,1.01
461,Olafsvik,IS,2021-04-01 14:19:39,64.8945,-23.7142,40.98,85,99,17.47
462,Sibu,MY,2021-04-01 14:19:39,2.3,111.8167,80.01,89,20,1.36
463,Khani,GE,2021-04-01 14:19:39,41.9563,42.9566,53.6,66,75,23.02
464,Esmeralda,CU,2021-04-01 14:19:41,21.8525,-78.1169,80.6,65,40,12.66
465,Burgeo,CA,2021-04-01 14:19:41,47.6167,-57.6152,36.75,96,100,8.75
466,Sao Raimundo Nonato,BR,2021-04-01 14:19:41,-9.0153,-42.6994,91.18,44,79,4.56
467,Inirida,CO,2021-04-01 14:19:42,3.8653,-67.9239,82.38,76,88,0.85
468,Jiayuguan,CN,2021-04-01 14:19:42,39.8167,98.3,40.64,39,100,6.38
469,Limon,CR,2021-04-01 14:19:42,10.0,-83.0333,82.4,83,40,11.5
470,Sungaipenuh,ID,2021-04-01 14:19:43,-2.0833,101.3833,64.99,96,100,1.83
471,Kawhia,NZ,2021-04-01 14:19:43,-38.0651,174.8183,55.0,88,5,1.01
472,San Alberto,CO,2021-04-01 14:19:43,7.7611,-73.3922,83.25,66,100,3.09
473,Benguela,AO,2021-04-01 14:19:44,-12.5763,13.4055,85.03,64,1,9.78
474,Shimoda,JP,2021-04-01 14:19:44,34.6667,138.95,61.0,91,72,1.01
475,San Jose,US,2021-04-01 14:17:14,37.3394,-121.895,59.0,57,1,3.44
476,Coro,VE,2021-04-01 14:19:44,11.4045,-69.6734,80.98,72,98,17.22
477,Plettenberg Bay,ZA,2021-04-01 14:19:45,-34.0527,23.3716,63.1,72,98,3.71
478,Orangeburg,US,2021-04-01 14:15:59,33.4918,-80.8557,54.0,43,1,12.66
479,Palembang,ID,2021-04-01 14:19:45,-2.9167,104.7458,82.4,78,20,1.88
480,Bilma,NE,2021-04-01 14:19:45,18.6853,12.9164,89.2,5,0,12.26
481,Nsanje,MW,2021-04-01 14:19:46,-16.92,35.262,86.23,41,21,7.63
482,Vargashi,RU,2021-04-01 14:19:46,55.3556,65.8467,32.49,97,100,21.16
483,Imaichi,JP,2021-04-01 14:19:46,36.7167,139.6833,57.0,67,100,3.0
484,Krasnoselkup,RU,2021-04-01 14:19:47,65.7,82.4667,10.0,86,100,19.1
485,Vila Franca Do Campo,PT,2021-04-01 14:19:47,37.7167,-25.4333,62.6,77,20,9.22
486,Kuryk,KZ,2021-04-01 14:19:47,43.2,51.65,60.84,28,100,22.15
487,Port Lincoln,AU,2021-04-01 14:19:47,-34.7333,135.8667,68.34,64,0,5.59
488,Cururupu,BR,2021-04-01 14:19:48,-1.8283,-44.8683,83.68,72,100,5.01
489,Arys,KZ,2021-04-01 14:19:48,42.4252,68.795,39.2,60,40,6.71
490,Sumbe,AO,2021-04-01 14:19:48,-11.2061,13.8437,85.03,65,6,11.5
491,Mattru,SL,2021-04-01 14:19:49,7.6244,-11.8332,100.85,31,74,3.24
492,Batagay,RU,2021-04-01 14:19:49,67.6333,134.6333,10.96,96,100,2.55
493,Clyde River,CA,2021-04-01 14:19:49,70.4692,-68.5914,-13.0,77,90,36.82
494,Saa,CM,2021-04-01 14:19:50,4.3667,11.45,93.33,28,69,2.04
495,Ginir,ET,2021-04-01 14:17:06,7.1333,40.7,77.07,32,50,8.01
496,Manavalakurichi,IN,2021-04-01 14:19:50,8.1333,77.3,86.0,74,40,6.91
497,Xuanhua,CN,2021-04-01 14:19:50,40.6103,115.0447,49.1,55,100,3.96
498,Luau,AO,2021-04-01 14:19:51,-10.7073,22.2247,76.82,71,56,4.05
499,Dunedin,NZ,2021-04-01 14:19:51,-45.8742,170.5036,63.0,53,100,5.01
500,Russell,US,2021-04-01 14:15:17,32.3502,-85.1999,48.2,40,1,19.57
501,Kortkeros,RU,2021-04-01 14:19:52,61.8106,51.5806,39.2,75,40,8.95
502,Caxito,AO,2021-04-01 14:19:52,-8.5785,13.6643,87.8,62,40,11.5
503,Maryborough,AU,2021-04-01 14:19:52,-25.5333,152.7,66.0,92,27,3.0
504,Arosa,CH,2021-04-01 14:19:53,46.7779,9.6762,68.0,32,0,3.44
505,Vereshchagino,RU,2021-04-01 14:19:53,58.0789,54.6557,32.52,95,100,8.21
506,Bobovdol,BG,2021-04-01 14:19:53,42.3697,23.0172,60.8,20,0,3.44
507,Beringovskiy,RU,2021-04-01 14:19:54,63.05,179.3167,13.53,89,100,7.02
508,Porbandar,IN,2021-04-01 14:16:30,21.6422,69.6093,81.81,61,0,13.65
509,Cheremisinovo,RU,2021-04-01 14:19:54,51.8855,37.2646,57.2,51,75,13.42
510,Richards Bay,ZA,2021-04-01 14:19:54,-28.783,32.0377,78.48,71,68,8.34
511,Ust-Kulom,RU,2021-04-01 14:19:55,61.6864,53.6902,33.24,88,100,8.08
512,Quelimane,MZ,2021-04-01 14:19:55,-17.8786,36.8883,84.2,51,20,8.05
513,Horta,PT,2021-04-01 14:18:54,38.5333,-28.6333,62.6,82,40,17.27
514,Kutum,SD,2021-04-01 14:19:55,14.2,24.6667,89.2,9,0,4.83
515,Katobu,ID,2021-04-01 14:19:56,-4.9408,122.5276,77.4,92,98,3.53
516,Oksfjord,NO,2021-04-01 14:19:56,70.2396,22.3479,37.4,70,100,3.44
517,Jinchang,CN,2021-04-01 14:19:56,38.4953,102.1739,41.43,60,100,8.16
518,Wawina,HN,2021-04-01 14:19:57,15.4167,-84.4333,78.82,74,91,3.65
519,Pasvalys,LT,2021-04-01 14:19:57,56.0594,24.4036,42.8,75,40,10.36
520,Port Hardy,CA,2021-04-01 14:19:57,50.6996,-127.4199,39.2,100,90,9.06
521,Mnogovershinnyy,RU,2021-04-01 14:19:58,53.9353,139.9242,23.05,90,99,2.8
522,Petropavlovsk-Kamchatskiy,RU,2021-04-01 14:19:58,53.0452,158.6483,33.8,100,90,11.18
523,Esperance,AU,2021-04-01 14:19:58,-33.8667,121.9,60.8,94,40,4.61
524,Mancio Lima,BR,2021-04-01 14:19:58,-7.6142,-72.8958,75.65,90,99,1.48
525,Nenjiang,CN,2021-04-01 14:17:13,49.1833,125.2167,46.98,54,100,6.2
526,Carmen,MX,2021-04-01 14:19:59,18.6333,-91.8333,80.6,69,20,11.5
527,Santo Angelo,BR,2021-04-01 14:19:59,-28.2992,-54.2631,68.0,68,0,10.36
528,Hirara,JP,2021-04-01 14:19:59,24.8,125.2833,75.58,90,12,10.13
529,Kichera,RU,2021-04-01 14:20:00,55.9375,110.0997,10.09,83,44,3.24
530,Praia,CV,2021-04-01 14:20:00,14.9215,-23.5087,78.8,47,0,20.71
531,Ponta Do Sol,PT,2021-04-01 14:20:00,32.6667,-17.1,68.0,73,40,6.91
532,Pyapon,MM,2021-04-01 14:17:29,16.2833,95.6833,84.25,61,59,13.02
533,Bonavista,CA,2021-04-01 14:20:01,48.6499,-53.1147,42.8,61,78,5.75
534,Orsk,RU,2021-04-01 14:16:15,51.2049,58.5668,28.4,80,0,17.9
535,Rosario,AR,2021-04-01 14:17:42,-32.9468,-60.6393,73.0,60,0,11.5
536,Bintulu,MY,2021-04-01 14:20:01,3.1667,113.0333,78.8,94,20,2.3
537,Necochea,AR,2021-04-01 14:20:02,-38.5473,-58.7368,70.0,54,78,7.0
538,Shache,CN,2021-04-01 14:20:02,38.4167,77.2406,55.72,29,99,7.16
539,Marrakesh,MA,2021-04-01 14:19:10,31.6315,-8.0083,77.0,36,0,4.61
540,Kjollefjord,NO,2021-04-01 14:20:02,70.9457,27.3465,32.76,96,100,3.83
541,Cabatuan,PH,2021-04-01 14:20:03,10.8794,122.486,77.14,76,86,11.95
542,Roma,US,2021-04-01 14:20:03,43.2128,-75.4557,35.6,75,90,19.57
543,Causapscal,CA,2021-04-01 14:20:03,48.3542,-67.227,33.01,1,100,8.95
544,Wundanyi,KE,2021-04-01 14:20:04,-3.4019,38.364,77.58,41,83,9.37
545,Ullapool,GB,2021-04-01 14:20:04,57.8987,-5.1604,51.01,55,17,3.0
546,Puerto Del Rosario,ES,2021-04-01 14:20:04,28.5004,-13.8627,75.2,60,20,14.97
547,Manta,EC,2021-04-01 14:19:24,-0.95,-80.7333,78.8,83,75,7.16
548,Itarema,BR,2021-04-01 14:20:05,-2.9248,-39.9167,83.41,75,95,13.73
549,Cayenne,GF,2021-04-01 14:15:15,4.9333,-52.3333,86.0,66,75,12.66
550,Flin Flon,CA,2021-04-01 14:15:17,54.7682,-101.865,21.2,93,90,4.61
551,Viedma,AR,2021-04-01 14:20:05,-40.8135,-62.9967,70.93,52,90,7.31
552,Siocon,PH,2021-04-01 14:20:06,7.7061,122.1353,79.84,86,100,2.95
553,Adelaide,AU,2021-04-01 14:15:56,-34.9333,138.6,73.99,40,0,2.3
554,Bilasipara,IN,2021-04-01 14:20:06,26.232,90.2347,82.85,31,0,2.44
555,Tautira,PF,2021-04-01 14:20:06,-17.7333,-149.15,78.8,78,75,4.61
556,Nishihara,JP,2021-04-01 14:20:07,26.1842,127.7558,75.2,88,75,9.22
557,Dakoro,NE,2021-04-01 14:20:07,14.5106,6.765,95.54,5,2,13.82
558,Paracatu,BR,2021-04-01 14:20:07,-17.2222,-46.8747,83.97,48,0,3.02
559,Domodossola,IT,2021-04-01 14:20:07,46.1165,8.2931,77.0,36,33,10.0
560,Zilair,RU,2021-04-01 14:19:09,52.2332,57.4392,28.49,83,97,13.33
561,Tayoltita,MX,2021-04-01 14:20:08,24.0833,-105.9333,70.29,50,97,8.25
562,Oistins,BB,2021-04-01 14:20:08,13.0667,-59.5333,84.2,51,20,19.57
563,Billings,US,2021-04-01 14:20:08,45.7833,-108.5007,42.8,26,40,10.36
564,Seoul,KR,2021-04-01 14:20:09,37.5683,126.9778,62.6,36,0,11.5
565,Bandrele,YT,2021-04-01 14:20:09,-12.9067,45.1914,87.8,62,0,4.61
566,Svetlyy,RU,2021-04-01 14:20:09,54.675,20.1347,41.0,87,75,17.9
567,Samarkand,UZ,2021-04-01 14:20:10,39.6542,66.9597,42.8,56,75,23.02
568,Kailua,US,2021-04-01 14:18:29,21.4022,-157.7394,73.4,83,75,8.05
569,Biltine,TD,2021-04-01 14:20:10,14.5333,20.9167,96.49,7,7,8.52
570,Faya,SA,2021-04-01 14:20:10,18.3851,42.4509,77.0,29,20,17.27
571,Pishin,PK,2021-04-01 14:20:11,30.5803,66.9961,66.74,12,0,9.17
